ListSchema={"schemaXmlList":["<Field ID=\"{fa564e0f-0c70-4ab9-b863-0177e6ddd247}\" Type=\"Text\" Name=\"Title\" DisplayName=\"Name\" Required=\"TRUE\" SourceID=\"http://schemas.microsoft.com/sharepoint/v3\" StaticName=\"Title\" FromBaseType=\"TRUE\" MaxLength=\"255\" CustomFormatter=\"\" EnforceUniqueValues=\"TRUE\" Indexed=\"TRUE\" />","<Field ClientSideComponentId=\"00000000-0000-0000-0000-000000000000\" Description=\"Image of the asset\" DisplayName=\"Photo\" Format=\"Thumbnail\" Name=\"DevicePhoto\" Title=\"Photo\" Type=\"Thumbnail\" ID=\"{fcd9b2a2-9914-4292-ba23-f1ff2d5f5e0b}\" StaticName=\"DevicePhoto\" />","<Field AppendOnly=\"FALSE\" ClientSideComponentId=\"00000000-0000-0000-0000-000000000000\" Description=\"Notes about this tool\" DisplayName=\"Notes\" Format=\"Dropdown\" IsolateStyles=\"FALSE\" Name=\"ConditionNotes\" RichText=\"FALSE\" RichTextMode=\"Compatible\" Title=\"Notes\" Type=\"Note\" ID=\"{a21b233a-8456-454a-a017-4f691e5ffd3a}\" StaticName=\"ConditionNotes\" />","<Field Type=\"Number\" DisplayName=\"Number\" Description=\"The Sequence Number of Tools\" Required=\"FALSE\" EnforceUniqueValues=\"FALSE\" Indexed=\"TRUE\" Decimals=\"0\" ID=\"{ebd5cb9b-7200-4efd-b71c-f24691bb78b8}\" StaticName=\"Number\" Name=\"Number\" CustomFormatter=\"\" Percentage=\"FALSE\" />","<Field ClientSideComponentId=\"00000000-0000-0000-0000-000000000000\" CustomFormatter=\"{&quot;elmType&quot;:&quot;div&quot;,&quot;style&quot;:{&quot;flex-wrap&quot;:&quot;wrap&quot;,&quot;display&quot;:&quot;flex&quot;},&quot;children&quot;:[{&quot;elmType&quot;:&quot;div&quot;,&quot;style&quot;:{&quot;box-sizing&quot;:&quot;border-box&quot;,&quot;padding&quot;:&quot;4px 8px 5px 8px&quot;,&quot;overflow&quot;:&quot;hidden&quot;,&quot;text-overflow&quot;:&quot;ellipsis&quot;,&quot;display&quot;:&quot;flex&quot;,&quot;border-radius&quot;:&quot;16px&quot;,&quot;height&quot;:&quot;24px&quot;,&quot;align-items&quot;:&quot;center&quot;,&quot;white-space&quot;:&quot;nowrap&quot;,&quot;margin&quot;:&quot;4px 4px 4px 4px&quot;},&quot;attributes&quot;:{&quot;class&quot;:{&quot;operator&quot;:&quot;:&quot;,&quot;operands&quot;:[{&quot;operator&quot;:&quot;==&quot;,&quot;operands&quot;:[&quot;[$Category1]&quot;,&quot;Open Source&quot;]},&quot;sp-css-backgroundColor-BgCornflowerBlue sp-css-color-CornflowerBlueFont&quot;,{&quot;operator&quot;:&quot;:&quot;,&quot;operands&quot;:[{&quot;operator&quot;:&quot;==&quot;,&quot;operands&quot;:[&quot;[$Category1]&quot;,&quot;Commercial&quot;]},&quot;sp-css-backgroundColor-BgMintGreen sp-css-color-MintGreenFont&quot;,{&quot;operator&quot;:&quot;:&quot;,&quot;operands&quot;:[{&quot;operator&quot;:&quot;==&quot;,&quot;operands&quot;:[&quot;[$Category1]&quot;,&quot;In House Development&quot;]},&quot;sp-css-backgroundColor-BgGold sp-css-color-GoldFont&quot;,{&quot;operator&quot;:&quot;:&quot;,&quot;operands&quot;:[{&quot;operator&quot;:&quot;==&quot;,&quot;operands&quot;:[&quot;[$Category1]&quot;,&quot;&quot;]},&quot;&quot;,{&quot;operator&quot;:&quot;:&quot;,&quot;operands&quot;:[{&quot;operator&quot;:&quot;==&quot;,&quot;operands&quot;:[&quot;[$Category1]&quot;,&quot;SaaS&quot;]},&quot;sp-css-backgroundColor-BgCoral sp-field-fontSizeSmall sp-css-color-CoralFont&quot;,&quot;sp-field-borderAllRegular sp-field-borderAllSolid sp-css-borderColor-neutralSecondary&quot;]}]}]}]}]}},&quot;txtContent&quot;:&quot;[$Category1]&quot;}],&quot;templateId&quot;:&quot;BgColorChoicePill&quot;}\" DisplayName=\"Category\" FillInChoice=\"FALSE\" Format=\"Dropdown\" Name=\"Category1\" Title=\"Category\" Type=\"Choice\" ID=\"{ac777e3f-1a7d-4cc9-b09a-f3041e6d3e65}\" StaticName=\"Category1\"><CHOICES><CHOICE>Open Source</CHOICE><CHOICE>Commercial</CHOICE><CHOICE>In House Development</CHOICE><CHOICE>SaaS</CHOICE></CHOICES></Field>","<Field ClientSideComponentId=\"00000000-0000-0000-0000-000000000000\" DisplayName=\"CICD\" Format=\"Dropdown\" Name=\"CICD\" Title=\"CICD\" Type=\"Boolean\" ID=\"{726a25e8-e867-4bb5-ab18-050d651a362d}\" StaticName=\"CICD\"><Default>0</Default></Field>","<Field ClientSideComponentId=\"00000000-0000-0000-0000-000000000000\" DisplayName=\"SecComp\" Format=\"Dropdown\" Name=\"SecComp\" Title=\"Sec &amp; Comp\" Type=\"Boolean\" ID=\"{2714c330-5b0d-432b-99ca-4a34dc9651e1}\" StaticName=\"SecComp\" CustomFormatter=\"\" Required=\"FALSE\" EnforceUniqueValues=\"FALSE\" Indexed=\"FALSE\"><Default>0</Default></Field>","<Field ClientSideComponentId=\"00000000-0000-0000-0000-000000000000\" CommaSeparator=\"TRUE\" Description=\"- License vs subscription renew fees&#xD;&#xA;- Training, Professional Service, Advisory, Support fees&#xD;&#xA;- Upgrade/Patch fees\" DisplayName=\"VendorCost\" Format=\"$123,456.00 (United States)\" LCID=\"1033\" Name=\"LicenseSubscription\" Title=\"Vendor Cost\" Type=\"Currency\" ID=\"{59750f76-8788-402b-b746-9cbcc89aad20}\" StaticName=\"LicenseSubscription\" CustomFormatter=\"\" Required=\"FALSE\" EnforceUniqueValues=\"FALSE\" Indexed=\"FALSE\"><Default>0</Default></Field>","<Field ClientSideComponentId=\"00000000-0000-0000-0000-000000000000\" CommaSeparator=\"TRUE\" CustomUnitOnRight=\"TRUE\" Description=\"Use Delphix host as an example:&#xD;&#xA;Windows Server 2019 Datacenter&#xD;&#xA;Standard E4ds v5 (4 vcpus, 32 GiB memory)&#xD;&#xA;$366.32 per month, $4,395.84 per year\" DisplayName=\"WinSRVR\" Format=\"Dropdown\" Name=\"_x0023_ofWindowsSRVR\" Percentage=\"FALSE\" Title=\"# of Windows SRVR\" Type=\"Number\" Unit=\"None\" ID=\"{dca108b5-ea65-40d2-930a-d3cb6c27eef4}\" StaticName=\"_x0023_ofWindowsSRVR\" CustomFormatter=\"\" Required=\"FALSE\" EnforceUniqueValues=\"FALSE\" Indexed=\"FALSE\"><Default>0</Default></Field>","<Field ClientSideComponentId=\"00000000-0000-0000-0000-000000000000\" CommaSeparator=\"TRUE\" CustomUnitOnRight=\"TRUE\" Description=\"Delphix Host Srvr as example: &#xD;&#xA;Linux Ubuntu 20.04&#xD;&#xA;Standard E16-8s v3 (8 vcpus, 128 GiB memory)&#xD;&#xA;&#xD;&#xA;$786.80 per month, and $9441.6 per year.\" DisplayName=\"LXSRVR\" Format=\"Dropdown\" Name=\"_x0023_ofLinuxSRVR\" Percentage=\"FALSE\" Title=\"# of Linux SRVR\" Type=\"Number\" Unit=\"None\" ID=\"{87586bfe-0049-4b24-b77e-621ebf97960b}\" StaticName=\"_x0023_ofLinuxSRVR\" CustomFormatter=\"\" Required=\"FALSE\" EnforceUniqueValues=\"FALSE\" Indexed=\"FALSE\"><Default>0</Default></Field>","<Field ClientSideComponentId=\"00000000-0000-0000-0000-000000000000\" CommaSeparator=\"TRUE\" Description=\"- internal support&#xD;&#xA;- training&#xD;&#xA;- API integration&#xD;&#xA;- more\" DisplayName=\"OtherCost\" Format=\"$123,456.00 (United States)\" LCID=\"1033\" Name=\"OtherCost\" Title=\"Other Cost\" Type=\"Currency\" ID=\"{92cc05e9-2233-47c2-bfe0-074ae15cc632}\" StaticName=\"OtherCost\" CustomFormatter=\"\" Required=\"FALSE\" EnforceUniqueValues=\"FALSE\" Indexed=\"FALSE\"><Default>0</Default></Field>","<Field ClientSideComponentId=\"00000000-0000-0000-0000-000000000000\" CustomFormatter=\"{&quot;elmType&quot;:&quot;div&quot;,&quot;style&quot;:{&quot;flex-wrap&quot;:&quot;wrap&quot;,&quot;display&quot;:&quot;flex&quot;},&quot;children&quot;:[{&quot;elmType&quot;:&quot;div&quot;,&quot;style&quot;:{&quot;box-sizing&quot;:&quot;border-box&quot;,&quot;padding&quot;:&quot;4px 8px 5px 8px&quot;,&quot;overflow&quot;:&quot;hidden&quot;,&quot;text-overflow&quot;:&quot;ellipsis&quot;,&quot;display&quot;:&quot;flex&quot;,&quot;border-radius&quot;:&quot;16px&quot;,&quot;height&quot;:&quot;24px&quot;,&quot;align-items&quot;:&quot;center&quot;,&quot;white-space&quot;:&quot;nowrap&quot;,&quot;margin&quot;:&quot;4px 4px 4px 4px&quot;},&quot;attributes&quot;:{&quot;class&quot;:{&quot;operator&quot;:&quot;:&quot;,&quot;operands&quot;:[{&quot;operator&quot;:&quot;==&quot;,&quot;operands&quot;:[&quot;[$ManageTeam]&quot;,&quot;Automation&quot;]},&quot;sp-css-backgroundColor-BgCornflowerBlue sp-css-color-CornflowerBlueFont&quot;,{&quot;operator&quot;:&quot;:&quot;,&quot;operands&quot;:[{&quot;operator&quot;:&quot;==&quot;,&quot;operands&quot;:[&quot;[$ManageTeam]&quot;,&quot;Performance&quot;]},&quot;sp-css-backgroundColor-BgMintGreen sp-css-color-MintGreenFont&quot;,{&quot;operator&quot;:&quot;:&quot;,&quot;operands&quot;:[{&quot;operator&quot;:&quot;==&quot;,&quot;operands&quot;:[&quot;[$ManageTeam]&quot;,&quot;GridVirtualize&quot;]},&quot;sp-css-backgroundColor-BgGold sp-css-color-GoldFont&quot;,{&quot;operator&quot;:&quot;:&quot;,&quot;operands&quot;:[{&quot;operator&quot;:&quot;==&quot;,&quot;operands&quot;:[&quot;[$ManageTeam]&quot;,&quot;&quot;]},&quot;&quot;,{&quot;operator&quot;:&quot;:&quot;,&quot;operands&quot;:[{&quot;operator&quot;:&quot;==&quot;,&quot;operands&quot;:[&quot;[$ManageTeam]&quot;,&quot;Data&quot;]},&quot;sp-css-backgroundColor-BgCoral sp-css-color-CoralFont&quot;,{&quot;operator&quot;:&quot;:&quot;,&quot;operands&quot;:[{&quot;operator&quot;:&quot;==&quot;,&quot;operands&quot;:[&quot;[$ManageTeam]&quot;,&quot;Integration&quot;]},&quot;sp-css-backgroundColor-BgDustRose sp-field-fontSizeSmall sp-css-color-DustRoseFont&quot;,&quot;sp-field-borderAllRegular sp-field-borderAllSolid sp-css-borderColor-neutralSecondary&quot;]}]}]}]}]}]}},&quot;txtContent&quot;:&quot;[$ManageTeam]&quot;}],&quot;templateId&quot;:&quot;BgColorChoicePill&quot;}\" DisplayName=\"ManageTeam\" FillInChoice=\"FALSE\" Format=\"Dropdown\" Name=\"ManageTeam\" Title=\"Manage Team\" Type=\"Choice\" ID=\"{a4608ea1-2556-457a-821d-2131fb0a2086}\" StaticName=\"ManageTeam\" Required=\"FALSE\" EnforceUniqueValues=\"FALSE\" Indexed=\"FALSE\"><CHOICES><CHOICE>Automation</CHOICE><CHOICE>Performance</CHOICE><CHOICE>Virtualize</CHOICE><CHOICE>Data</CHOICE><CHOICE>Integration</CHOICE><CHOICE>DevOps</CHOICE><CHOICE>TDEMS</CHOICE><CHOICE>ZBR</CHOICE><CHOICE>SAP</CHOICE></CHOICES></Field>","<Field Type=\"Currency\" DisplayName=\"LaborCost\" Required=\"FALSE\" EnforceUniqueValues=\"FALSE\" Indexed=\"FALSE\" LCID=\"1033\" ID=\"{e2a8f302-ef7e-442c-9b54-bf17f0b89e41}\" StaticName=\"LaborCost\" Name=\"LaborCost\" Description=\"Labor cost for this tool\" CustomFormatter=\"\"><Default>0</Default></Field>","<Field Description=\"Confluence or SharePoint with more information about the tool.\" DisplayName=\"ToolInfo\" Format=\"Hyperlink\" IsModern=\"TRUE\" Name=\"ToolInfo\" Title=\"Tool Info\" Type=\"URL\" ID=\"{cbb7b5dc-ee85-4575-9006-4a63a28fe642}\" StaticName=\"ToolInfo\" CustomFormatter=\"\" Required=\"FALSE\" EnforceUniqueValues=\"FALSE\" Indexed=\"FALSE\" />","<Field AppendOnly=\"FALSE\" Description=\"# People, # Hours, use the tool per Month;\" DisplayName=\"Utilisation\" Format=\"Dropdown\" IsModern=\"TRUE\" IsolateStyles=\"FALSE\" Name=\"Utilization\" RichText=\"FALSE\" RichTextMode=\"Compatible\" Title=\"Utilization\" Type=\"Note\" ID=\"{7aea5ee2-2eee-4a92-a0ba-e092f8a4f0a4}\" StaticName=\"Utilization\" CustomFormatter=\"\" Required=\"FALSE\" EnforceUniqueValues=\"FALSE\" Indexed=\"FALSE\" NumLines=\"6\" RestrictedMode=\"TRUE\" />","<Field Type=\"Boolean\" DisplayName=\"InScope?\" EnforceUniqueValues=\"FALSE\" Indexed=\"FALSE\" ID=\"{1e432642-9ce8-475a-839b-4b2480828fdd}\" StaticName=\"InScope_x003f_\" Name=\"InScope_x003f_\"><Default>0</Default></Field>","<Field Type=\"Boolean\" DisplayName=\"Active?\" EnforceUniqueValues=\"FALSE\" Indexed=\"FALSE\" ID=\"{41c36c92-8b4e-4791-b6af-fa91a34bbfad}\" StaticName=\"Active_x003f_\" Name=\"Active_x003f_\"><Default>1</Default></Field>","<Field ClientSideComponentId=\"00000000-0000-0000-0000-000000000000\" DisplayName=\"RenewDate\" FriendlyDisplayFormat=\"Relative\" Format=\"DateOnly\" Name=\"RenewDate\" Title=\"RenewDate\" Type=\"DateTime\" ID=\"{36a026b1-58dc-45cf-9a06-6211b23e811d}\" StaticName=\"RenewDate\" />","<Field Type=\"Boolean\" DisplayName=\"Retired\" Description=\"This tool is decommisioned.\" EnforceUniqueValues=\"FALSE\" Indexed=\"FALSE\" ID=\"{d4a9bbeb-183e-4735-b6b5-8e77c0c054ba}\" StaticName=\"Retired\" Name=\"Retired\"><Default>0</Default></Field>","<Field Type=\"Calculated\" DisplayName=\"SRVRCost\" Description=\"Annual Servers' Cost\" EnforceUniqueValues=\"FALSE\" Indexed=\"FALSE\" Format=\"DateOnly\" LCID=\"1033\" ResultType=\"Currency\" ReadOnly=\"TRUE\" ID=\"{4ae98318-d0e4-4a2a-a6d3-cd64ff1267b7}\" StaticName=\"SRVR_x0020_Cost\" Name=\"SRVR_x0020_Cost\" CustomFormatter=\"\" Required=\"FALSE\"><Formula>=(_x0023_ofLinuxSRVR*9500+_x0023_ofWindowsSRVR*4400)</Formula><FieldRefs><FieldRef Name=\"_x0023_ofWindowsSRVR\" /><FieldRef Name=\"_x0023_ofLinuxSRVR\" /></FieldRefs></Field>","<Field Type=\"Calculated\" DisplayName=\"TotalCost\" Description=\"Total Cost of this tool\" EnforceUniqueValues=\"FALSE\" Indexed=\"FALSE\" Format=\"DateOnly\" LCID=\"1033\" ResultType=\"Currency\" ReadOnly=\"TRUE\" ID=\"{a4a1ff72-6387-4c2f-8774-46504f2bf37a}\" StaticName=\"Total_x0020_Cost\" Name=\"Total_x0020_Cost\" CustomFormatter=\"\" Required=\"FALSE\"><Formula>=LicenseSubscription+SRVR_x0020_Cost+OtherCost+LaborCost</Formula><FieldRefs><FieldRef Name=\"LaborCost\" /><FieldRef Name=\"OtherCost\" /><FieldRef Name=\"SRVR_x0020_Cost\" /><FieldRef Name=\"LicenseSubscription\" /></FieldRefs></Field>","<Field ID=\"{82642ec8-ef9b-478f-acf9-31f7d45fbc31}\" ReadOnly=\"TRUE\" Type=\"Computed\" Name=\"LinkTitle\" DisplayName=\"NAME\" DisplayNameSrcField=\"Title\" ClassInfo=\"Menu\" AuthoringInfo=\"(linked to item with edit menu)\" ListItemMenuAllowed=\"Required\" LinkToItemAllowed=\"Prohibited\" SourceID=\"http://schemas.microsoft.com/sharepoint/v3\" StaticName=\"LinkTitle\" FromBaseType=\"TRUE\"><FieldRefs><FieldRef Name=\"Title\" /><FieldRef Name=\"LinkTitleNoMenu\" /><FieldRef Name=\"_EditMenuTableStart2\" /><FieldRef Name=\"_EditMenuTableEnd\" /></FieldRefs><DisplayPattern><FieldSwitch><Expr><GetVar Name=\"FreeForm\" /></Expr><Case Value=\"TRUE\"><Field Name=\"LinkTitleNoMenu\" /></Case><Default><HTML><![CDATA[<div class=\"ms-vb itx\" onmouseover=\"OnItem(this)\" CTXName=\"ctx]]></HTML><Field Name=\"_EditMenuTableStart2\" /><HTML><![CDATA[\">]]></HTML><Field Name=\"LinkTitleNoMenu\" /><HTML><![CDATA[</div>]]></HTML><HTML><![CDATA[<div class=\"s4-ctx\" onmouseover=\"OnChildItem(this.parentNode); return false;\">]]></HTML><HTML><![CDATA[<span>&nbsp;</span>]]></HTML><HTML><![CDATA[<a onfocus=\"OnChildItem(this.parentNode.parentNode); return false;\" onclick=\"PopMenuFromChevron(event); return false;\" href=\"javascript:;\" title=\"Open Menu\"></a>]]></HTML><HTML><![CDATA[<span>&nbsp;</span>]]></HTML><HTML><![CDATA[</div>]]></HTML></Default></FieldSwitch></DisplayPattern></Field>","<Field ID=\"{bc91a437-52e7-49e1-8c4e-4698904b2b6d}\" ReadOnly=\"TRUE\" Type=\"Computed\" Name=\"LinkTitleNoMenu\" DisplayName=\"Name\" Dir=\"\" DisplayNameSrcField=\"Title\" AuthoringInfo=\"(linked to item)\" EnableLookup=\"TRUE\" ListItemMenuAllowed=\"Prohibited\" LinkToItemAllowed=\"Prohibited\" SourceID=\"http://schemas.microsoft.com/sharepoint/v3\" StaticName=\"LinkTitleNoMenu\" FromBaseType=\"TRUE\"><FieldRefs><FieldRef Name=\"Title\" /><FieldRef Name=\"LinkFilenameNoMenu\" /></FieldRefs><DisplayPattern><IfEqual><Expr1><LookupColumn Name=\"FSObjType\" /></Expr1><Expr2>1</Expr2><Then><Field Name=\"LinkFilenameNoMenu\" /></Then><Else><HTML><![CDATA[<a onfocus=\"OnLink(this)\" href=\"]]></HTML><URL /><HTML><![CDATA[\" onclick=\"EditLink2(this,]]></HTML><Counter Type=\"View\" /><HTML><![CDATA[);return false;\" target=\"_self\">]]></HTML><Column HTMLEncode=\"TRUE\" Name=\"Title\" Default=\"(no title)\" /><IfEqual><Expr1><GetVar Name=\"ShowAccessibleIcon\" /></Expr1><Expr2>1</Expr2><Then><HTML><![CDATA[<img src=\"/_layouts/15/images/blank.gif?rev=47\" class=\"ms-hidden\" border=\"0\" width=\"1\" height=\"1\" alt=\"Use SHIFT+ENTER to open the menu (new window).\"/>]]></HTML></Then></IfEqual><HTML><![CDATA[</a>]]></HTML><IfNew><HTML><![CDATA[<img src=\"/_layouts/1033/images/new.gif\" alt=\"]]></HTML><HTML>New</HTML><HTML><![CDATA[\" class=\"ms-newgif\" />]]></HTML></IfNew></Else></IfEqual></DisplayPattern></Field>","<Field ID=\"{5f190d91-3dbc-4489-9878-3c092caf35b6}\" Hidden=\"TRUE\" ReadOnly=\"TRUE\" Type=\"Computed\" Name=\"LinkTitle2\" DisplayName=\"Name\" DisplayNameSrcField=\"Title\" ClassInfo=\"Menu\" AuthoringInfo=\"(linked to item with edit menu) (old)\" SourceID=\"http://schemas.microsoft.com/sharepoint/v3\" StaticName=\"LinkTitle2\" FromBaseType=\"TRUE\"><FieldRefs><FieldRef Name=\"Title\" /><FieldRef Name=\"LinkTitleNoMenu\" /><FieldRef Name=\"_EditMenuTableStart\" /><FieldRef Name=\"_EditMenuTableEnd\" /></FieldRefs><DisplayPattern><FieldSwitch><Expr><GetVar Name=\"FreeForm\" /></Expr><Case Value=\"TRUE\"><Field Name=\"LinkTitleNoMenu\" /></Case><Default><Field Name=\"_EditMenuTableStart\" /><SetVar Name=\"ShowAccessibleIcon\" Value=\"1\" /><Field Name=\"LinkTitleNoMenu\" /><SetVar Name=\"ShowAccessibleIcon\" Value=\"0\" /><Field Name=\"_EditMenuTableEnd\" /></Default></FieldSwitch></DisplayPattern></Field>"]}
Number,Photo,Name,ManageTeam,Category,CICD,SecComp,InScope?,VendorCost,WinSRVR,LXSRVR,SRVRCost,LaborCost,OtherCost,TotalCost,Retired,RenewDate,ToolInfo,Utilisation,Notes
"1","14.png","Appium","Automation","Open Source","True","True","True","$0.00","0","0","$0.00","$0.00","$0.00","$0.00","False",,,,
"2","2.png","Cucumber","Automation","Open Source","True","True","True","$0.00","0","0","$0.00","$0.00","$0.00","$0.00","False",,,"Role1: OBP
Role2: STAR (CAB, SRP)",
"3","3.png","Delphix","Virtualize","Commercial","True","True","True","$444,400.00","8","10","$130,200.00","$10.00","$0.00","$574,610.00","False","09/30/2023","https://confluence.devops.nationalgrid.com/display/QESTEAM/Delphix+Additional+Docs","Not actively used;
KPI to be defined and measured","on 8/24/2023: Not Renewing by ESO.  
1) Vendor cost is to be finalised; 
2) Other cost is to be determined.
3) SQL srvr cost?"
"4","4.png","Genrocket","Virtualize","Commercial","True","True","True","$15,000.00","2","0","$8,800.00","$0.00","$0.00","$23,800.00","False","09/30/2023","https://confluence.devops.nationalgrid.com/display/QESTEAM/Genrocket+-+Overview+and+Data+Creation","Role1: OBP
US: AMI; GBE; SAP PO to PI in Group","On 8/24/2023: Renew.
1)SQL Server Cost?"
"5","5.png","JMeter","Performance","Open Source","True","True","True","$0.00","1","2","$23,400.00","$0.00","$0.00","$23,400.00","False",,,"Role1: OBP, PAS, DAP;
Role2: STAR(CAB, SRP), SMP, DEP, EMR, Balancing Reserve",
"6","6.png","Login VSI","Performance","Commercial","False","False","True","$140,000.00","0","0","$0.00","$0.00","$0.00","$140,000.00","False",,,,"Not implemented yet. Maybe acquired in FY24."
"7","73.png","Neoload","Performance","Commercial","True","True","True","$195,953.00","9","1","$49,100.00","$0.00","$0.00","$245,053.00","False","09/08/2023","https://confluence.devops.nationalgrid.com/display/DEVTEAM/NeoLoad","Role1: OBP, PAS, DAP
Role2: STAR (CAB, SRP), SMP, DEP, EMR, Balancing Reserve","8/24/2023: need renew. 
Need License Info!"
"10","81.png","Parasoft","Virtualize","Commercial","True","True","True","$52,960.00","0","10","$95,000.00","$0.00","$0.00","$147,960.00","False","09/30/2024","https://confluence.devops.nationalgrid.com/display/DEVTEAM/parasoft","US: AMI; GBE; SAP PO to PI in Group","8/24/2023: not renew."
"9","91.png","Plutora","TDEMS","SaaS","True","True","True","$79,562.00","0","0","$0.00","$0.00","$0.00","$79,562.00","False","09/30/2023","https://confluence.devops.nationalgrid.com/display/DEVTEAM/Plutora-+SaaS","Role1: BM, OBP, PAS, BEB Fix, DCE, EBS, Interconnectors, PEF, DAP
Role2: STAR (CAB, SRP), GEMS, Oracle Upgrade, FAME Remediation","8/24/2023: TestRenew.Two servers is associating with this tool. Additional Charges?"
"67","10.png","Report Portal","Automation","Open Source","False","True","True","$0.00","0","0","$0.00","$0.00","$0.00","$0.00","False",,,,
"11","111.png","Rest Assured","Automation","Open Source","True","True","True","$0.00","0","0","$0.00","$0.00","$0.00","$0.00","False",,,"Role1: OBP
Role2: STAR (CAB, SRP)",
"12","121.png","SAAJ","Automation","Open Source","False","True","True","$0.00","0","0","$0.00","$0.00","$0.00","$0.00","False",,,,"In UK only for now."
"13","131.png","Selenium","Automation","Open Source","True","True","True","$0.00","0","0","$0.00","$0.00","$0.00","$0.00","False",,,"Role1: OBP
Role2: STAR (CAB, SRP)",
"14","141.png","TeamScale","Automation","Commercial","True","True","False",,"0","1","$9,500.00","$0.00","$0.00","$9,500.00","True",,,"Won't Renew","8/24/2023: Not Renew. License will be end in 2023 and no plan to extend. 

Difference with SonarQube, ZAP, Invicti, JFrog Xray?"
"15","152.png","Tosca","TDEMS","Commercial","True","True","True","$25,000.00","5","0","$22,000.00","$0.00","$0.00","$47,000.00","False","09/07/2023","https://confluence.devops.nationalgrid.com/display/DEVTEAM/Tosca",,"8/24/2023: Not Renew. License info is missing"
"16","16.png","ZAP","Automation","Open Source","True","True","True","$0.00","0","0","$0.00","$0.00","$0.00","$0.00","False",,,,
"17","17.png","ZD&T / Popup Mainframe","Virtualize","Commercial","False","True","True","$153,725.00","0","8","$76,000.00","$0.00","$230,000.00","$459,725.00","False",,,,
"18","18.png","Postman","Automation","Open Source","True","True","False",,,,"$0.00","$0.00",,"$0.00","False",,,,
"20","20.png","TestNG","Automation","Open Source","False","False","True","$0.00","0","0","$0.00","$0.00","$0.00","$0.00","False",,,,
"21","21.png","WireMock","Automation","Open Source","False","False","True","$0.00","0","0","$0.00","$0.00","$0.00","$0.00","False",,,,
"22","22.png","Puppeteer","Performance","Open Source","False","False","False","$0.00","0","0","$0.00","$0.00","$0.00","$0.00","False",,,,
"23","23.png","Dynatrace","TDEMS","Commercial","False","False","False",,,,"$0.00","$0.00",,"$0.00","False",,,,
"24","24.png","Azure Analytics","DevOps","SaaS","False","False","False",,,,"$0.00","$0.00",,"$0.00","False",,,,
"25","25.png","AnyPoint Mule","Performance","Commercial","False","False","False",,,,"$0.00","$0.00",,"$0.00","False",,,,
"26","26.png","Google Analytics/G Logs","Automation","Open Source","False","False","False",,,,"$0.00","$0.00",,"$0.00","False",,,,
"27","27.png","IBM MQ Explorer","Performance","Commercial","False","False","False",,,,"$0.00","$0.00",,"$0.00","False",,,,
"28","28.png","Chrome LightHouse","Automation","Open Source","False","False","False",,,,"$0.00","$0.00",,"$0.00","False",,,,
"29","29.png","Prometheus","Performance","Open Source","False","False","False",,,,"$0.00","$0.00",,"$0.00","False",,,,
"30","30.png","Grafana","Performance","Open Source","False","False","False",,,,"$0.00","$0.00",,"$0.00","False",,,,
"31","31.png","SonarQube","DevOps","Commercial","False","True","False",,,,"$0.00","$0.00",,"$0.00","False",,,,
"32","32.png","Liquidbase",,"Commercial","False","False","False",,,,"$0.00","$0.00",,"$0.00","False",,,,
"33","33.png","Ansible Tower",,"Commercial","True","True","False",,,,"$0.00","$0.00",,"$0.00","False",,,,"Test"
"34","34.png","Checkmarx",,"Commercial","False","True","False",,,,"$0.00","$0.00",,"$0.00","False",,,,
"35","35.png","Cloudbees",,"Commercial","True","False","False",,,,"$0.00","$0.00",,"$0.00","False",,,,
"37","37.png","NetSparker",,"Commercial","False","False","False","$0.00","1","0","$4,400.00","$0.00","$0.00","$4,400.00","False",,,,"Is managed under security? or TDEMS?"
"36","36.png","CX Service Panel","Performance","Commercial","False","False","True","$0.00","0","3","$28,500.00","$0.00","$0.00","$28,500.00","False",,,"Role1: OBP, PAS
Role2: STAR (CAB, SRP)","License?
Paused?"
"38","38.png","Power BI","Data","Commercial","False","False","False","$0.00","0","0","$0.00","$0.00","$70,000.00","$70,000.00","False",,,,"Current US Gateway DR will cost $10k and est $60k in resource cost"
"39","39.png","ER Studio","Data","Commercial","False","False","False","$0.00","0","0","$0.00","$0.00","$150,000.00","$150,000.00","False",,,,"License and resource cost"
"40","40.png","Matillion","Data","Commercial","False","False","False","$0.00","0","0","$0.00","$0.00","$300,000.00","$300,000.00","False",,,,"1)Current Matillion environments are DEV, TEST and PROD HA.  Each prod server will cost $60k in lic (total $120k) and est $60k in resource cost. 2) Matillion POC setup: $60k lic and $60k in resource"
"41","41.png","Tableau","Data","Commercial","False","False","False","$0.00","0","0","$0.00","$0.00","$10,000.00","$10,000.00","False",,,,
"42","42.png","PostGres","Data","Open Source","False","False","False","$0.00","0","0","$0.00","$0.00","$50,000.00","$50,000.00","False",,,,"Used for Tableau & Alteryx. PRD & DEV and maintenance effort and upgrade"
"43","43.png","Alteryx","Data","Commercial","False","False","False","$0.00","0","0","$0.00","$0.00","$50,000.00","$50,000.00","False",,,,"cost is for Server upgrades, certs installation and patches."
"44","44.png","Snowflake & Matillion DR","Data","Commercial","False","False","False","$0.00","0","0","$0.00","$0.00","$500,000.00","$500,000.00","False",,,,"Snowflake DR; 	HLE of lic and resource cost"
"45","45.png","Informatica Axon, EDC and CDQ","Data","Commercial","False","False","False","$0.00","0","0","$0.00","$0.00","$100,000.00","$100,000.00","False",,,,
"46","46.png","Qlik","Data","Commercial","False","False","False","$0.00","0","0","$0.00","$0.00","$100,000.00","$100,000.00","False",,,,
"47","47.png","Reltio","Data","Commercial","False","False","False","$0.00","0","0","$0.00","$0.00","$60,000.00","$60,000.00","False",,,,
"48","442.png","Snowflake","Data","Commercial","False","False","False","$0.00","0","0","$0.00","$0.00","$120,000.00","$120,000.00","False",,,,
"49","48.png","MuleSoft","Integration","Commercial","True","True","False","$0.00","0","0","$0.00","$0.00","$800,000.00","$800,000.00","False",,,,"UK + US"
"50","49.png","GoAnyWhere","Integration","Commercial","False","False","False","$0.00","0","0","$0.00","$0.00","$300,000.00","$300,000.00","False",,,,"US"
"51","511.png","APIM and .Net platforms","Integration","Commercial","False","False","False","$0.00","5","5","$69,500.00","$10,000.00","$600,000.00","$679,500.00","False",,,,"US"
"52","52.png","Hammer",,,"False","False","False","$0.00","0","0","$0.00","$0.00","$0.00","$0.00","False",,,,"Need more info."
"19","191.png","QuerySurge","Automation","Commercial","False","False","True","$41,293.00","2","0","$8,800.00","$0.00","$6,000.00","$56,093.00","False","05/14/2024",,,"CICD, S&C need to be completed."
"53","53.png","Azure DevOps",,,"True","False","False","$0.00","0","0","$0.00","$0.00","$0.00","$0.00","False",,,,
"54","54.png","AutoRabit",,,"True","False","False","$0.00","0","0","$0.00","$0.00","$0.00","$0.00","False",,,,
"55","55.png","OpenShift",,,"True","False","False","$0.00","0","0","$0.00","$0.00","$0.00","$0.00","False",,,,
"56","56.png","argo",,,"True","False","False","$10.00","0","0","$0.00","$0.00","$0.00","$10.00","False",,,,
"57","57.png","azure kubernetes service",,"Open Source","True","False","False","$0.00","0","0","$0.00","$0.00","$0.00","$0.00","False",,,,
"58","58.png","Kubernetes",,"Open Source","True","False","False","$0.00","0","0","$0.00","$0.00","$0.00","$0.00","False",,,,
"59","59.png","Salesforce",,"SaaS","True","False","False","$0.00","0","0","$0.00","$0.00","$0.00","$0.00","False",,,,
"60","60.png","JFrog","DevOps","Commercial","True","False","False",,"0","0","$0.00","$0.00","$0.00","$0.00","False",,,,
"61","61.png","JFrog Xray","DevOps","Commercial","True","False","False","$0.00","0","0","$0.00","$0.00","$0.00","$0.00","False",,,,
"62","621.png","Jenkins","DevOps","Commercial","True","False","False","$0.00","0","0","$0.00","$0.00","$0.00","$0.00","False",,,,
"63","63.png","Bitbucket","DevOps","Commercial","True","False","False","$0.00","0","0","$0.00","$0.00","$0.00","$0.00","False",,,,
"64","64.png","Influx DB",,"Open Source","False","False","False","$0.00","0","0","$0.00","$0.00","$0.00","$0.00","False",,,,
"65","65.png","Selenide","Automation","Open Source","False","False","False","$0.00","0","0","$0.00","$0.00","$0.00","$0.00","False",,,,
"66","66.png","Extent Report","Automation","Open Source","False","False","True","$0.00","0","0","$0.00","$0.00","$0.00","$0.00","False",,,,
"68","68.png","Loadrunner","Performance","Commercial","False","False","True","$24,500.00","0","0","$0.00","$0.00","$0.00","$24,500.00","False","03/06/2024",,"Role1: BM & OBP",
"69","69.png","UFT",,"Commercial","False","False","False","$55,000.00","0","0","$0.00","$0.00","$0.00","$55,000.00","False",,,"Role1: BM & EBS",
"70","70.png","SmartQE",,"Open Source","False","False","False","$0.00","0","0","$0.00","$0.00","$0.00","$0.00","False",,,"Role1: PAS",
"71","bits.png","BITS","Data","Open Source","False","False","False","$0.00","0","0","$0.00","$0.00","$0.00","$0.00","False",,,"Role1: OBP
Role2: STAR (CAB, SRP)",
